{
  "best_hyperparams": {
    "C1": {
      "learning_rate": 1e-05,
      "batch_size": 16,
      "epochs": 12
    },
    "C2": {
      "learning_rate": 1e-05,
      "batch_size": 16,
      "epochs": 16
    },
    "C3": {
      "learning_rate": 1e-05,
      "batch_size": 16,
      "epochs": 12
    },
    "C4": {
      "learning_rate": 1e-05,
      "batch_size": 16,
      "epochs": 8
    },
    "C5": {
      "learning_rate": 1e-05,
      "batch_size": 16,
      "epochs": 12
    }
  },
  "best_qwk_scores": {
    "C1": 0.3145936871440843,
    "C2": 0.4184327893840418,
    "C3": 0.22465108668450537,
    "C4": 0.29558051884856257,
    "C5": 0.2968342394031849
  }
}