{
  "best_hyperparams": {
    "C1": {
      "learning_rate": 1e-05,
      "batch_size": 16,
      "epochs": 12
    },
    "C2": {
      "learning_rate": 1e-05,
      "batch_size": 16,
      "epochs": 12
    },
    "C3": {
      "learning_rate": 1e-05,
      "batch_size": 32,
      "epochs": 12
    },
    "C4": {
      "learning_rate": 1e-05,
      "batch_size": 32,
      "epochs": 12
    },
    "C5": {
      "learning_rate": 1e-05,
      "batch_size": 16,
      "epochs": 16
    }
  },
  "best_qwk_scores": {
    "C1": 0.32316247936214126,
    "C2": 0.5041524475671648,
    "C3": 0.3799222039823057,
    "C4": 0.48967081805415885,
    "C5": 0.5085911921223645
  }
}