{
  "best_hyperparams": {
    "C1": {
      "learning_rate": 1e-05,
      "batch_size": 16,
      "epochs": 16
    },
    "C2": {
      "learning_rate": 1e-05,
      "batch_size": 16,
      "epochs": 16
    },
    "C3": {
      "learning_rate": 1e-05,
      "batch_size": 16,
      "epochs": 12
    },
    "C4": {
      "learning_rate": 1e-05,
      "batch_size": 16,
      "epochs": 16
    },
    "C5": {
      "learning_rate": 1e-05,
      "batch_size": 16,
      "epochs": 16
    }
  },
  "best_qwk_scores": {
    "C1": 0.49109037067593847,
    "C2": 0.4580294993611059,
    "C3": 0.24412378616456656,
    "C4": 0.3865329123870551,
    "C5": 0.23665248486195173
  }
}