{
  "best_hyperparams": {
    "C1": {
      "learning_rate": 1e-05,
      "batch_size": 16,
      "epochs": 8
    },
    "C2": {
      "learning_rate": 1e-05,
      "batch_size": 16,
      "epochs": 12
    },
    "C3": {
      "learning_rate": 1e-05,
      "batch_size": 32,
      "epochs": 12
    },
    "C4": {
      "learning_rate": 1e-05,
      "batch_size": 16,
      "epochs": 16
    },
    "C5": {
      "learning_rate": 1e-05,
      "batch_size": 16,
      "epochs": 16
    }
  },
  "best_qwk_scores": {
    "C1": 0.40159528997306887,
    "C2": 0.4711928650469558,
    "C3": 0.33858380564616275,
    "C4": 0.5224791786283429,
    "C5": 0.23423405585679846
  }
}