{
  "best_hyperparams": {
    "C1": {
      "learning_rate": 1e-05,
      "batch_size": 16,
      "epochs": 12
    },
    "C2": {
      "learning_rate": 1e-05,
      "batch_size": 16,
      "epochs": 12
    },
    "C3": {
      "learning_rate": 1e-05,
      "batch_size": 32,
      "epochs": 8
    },
    "C4": {
      "learning_rate": 1e-05,
      "batch_size": 32,
      "epochs": 8
    },
    "C5": {
      "learning_rate": 1e-05,
      "batch_size": 32,
      "epochs": 8
    }
  },
  "best_qwk_scores": {
    "C1": 0.40666315352715826,
    "C2": 0.5700728999980386,
    "C3": 0.4588118651146732,
    "C4": 0.416172443945262,
    "C5": 0.4836866079670078
  }
}