{
  "best_hyperparams": {
    "C1": {
      "learning_rate": 1e-05,
      "batch_size": 16,
      "epochs": 16
    },
    "C2": {
      "learning_rate": 1e-05,
      "batch_size": 16,
      "epochs": 16
    },
    "C3": {
      "learning_rate": 1e-05,
      "batch_size": 16,
      "epochs": 16
    },
    "C4": {
      "learning_rate": 1e-05,
      "batch_size": 16,
      "epochs": 16
    },
    "C5": {
      "learning_rate": 1e-05,
      "batch_size": 16,
      "epochs": 16
    }
  },
  "best_qwk_scores": {
    "C1": 0.4254744666332548,
    "C2": 0.45991110696416193,
    "C3": 0.1555626756570678,
    "C4": 0.26144170052141996,
    "C5": 0.2755489201548791
  }
}